[{
  "_id": {
    "$oid": "680740ff5637883eb3635bf2"
  },
  "user": {
    "$oid": "68071b8940c3db19f35c8757"
  },
  "customer": "hamid",
  "reference": "001",
  "total": 10.2,
  "currency": "USD",
  "items": [
    {
      "description": "Shoes",
      "quantity": 1,
      "_id": {
        "$oid": "680740ff5637883eb3635bf3"
      }
    }
  ],
  "date": {
    "$date": "2025-04-22T07:10:55.440Z"
  },
  "__v": 0
},
{
  "_id": {
    "$oid": "680b754e329d493267f2207e"
  },
  "user": {
    "$oid": "6800ce3bb24709c584b886b7"
  },
  "customer": "Rahaib",
  "reference": "999",
  "total": 5.1,
  "currency": "USD",
  "items": [
    {
      "description": "Cable",
      "quantity": 1,
      "_id": {
        "$oid": "680b754e329d493267f2207f"
      }
    }
  ],
  "dueDate": "2025-04-25",
  "date": {
    "$date": "2025-04-25T11:43:10.428Z"
  },
  "__v": 0
},
{
  "_id": {
    "$oid": "6811be7ee92abc9419d650d5"
  },
  "user": {
    "$oid": "67fe008853f10c0d94363b40"
  },
  "customer": "farhan",
  "reference": "123",
  "total": 110,
  "currency": "USD",
  "items": [
    {
      "description": "Books",
      "quantity": 5,
      "_id": {
        "$oid": "6811be7ee92abc9419d650d6"
      }
    }
  ],
  "dueDate": "2025-04-30",
  "date": {
    "$date": "2025-04-30T00:00:00.000Z"
  },
  "__v": 0
},
{
  "_id": {
    "$oid": "6806319bac29c41bdae7694e"
  },
  "customer": "John Doe",
  "reference": "INV-001",
  "total": 150,
  "currency": "USD",
  "items": [
    {
      "description": "Laptop",
      "quantity": 1,
      "price": 150,
      "_id": {
        "$oid": "6806319bac29c41bdae7694f"
      }
    }
  ],
  "date": {
    "$date": "2025-04-21T11:52:59.901Z"
  },
  "__v": 0
},
{
  "_id": {
    "$oid": "680636b6ac29c41bdae7698e"
  },
  "customer": "remix",
  "reference": "1",
  "total": 10.2,
  "currency": "USD",
  "items": [
    {
      "description": "watch",
      "quantity": 1,
      "_id": {
        "$oid": "680636b6ac29c41bdae7698f"
      }
    }
  ],
  "date": {
    "$date": "2025-04-21T12:14:46.862Z"
  },
  "__v": 0
},
{
  "_id": {
    "$oid": "680f7a0ea3d5d8a2c3f9a137"
  },
  "user": {
    "$oid": "6800ce3bb24709c584b886b7"
  },
  "customer": "saqib",
  "reference": "2",
  "total": 30,
  "currency": "USD",
  "items": [
    {
      "description": "book",
      "quantity": 1,
      "_id": {
        "$oid": "6807377f5637883eb3635bb4"
      }
    }
  ],
  "dueDate": "2025-04-28",
  "date": {
    "$date": "2025-04-28T12:52:30.751Z"
  },
  "__v": 0
},
{
  "_id": {
    "$oid": "68063328ac29c41bdae76954"
  },
  "customer": "hammad",
  "reference": "1",
  "total": 10.2,
  "currency": "USD",
  "items": [
    {
      "description": "watch",
      "quantity": 1,
      "_id": {
        "$oid": "68063328ac29c41bdae76955"
      }
    }
  ],
  "date": {
    "$date": "2025-04-21T11:59:36.703Z"
  },
  "__v": 0
},
{
  "_id": {
    "$oid": "680735b75637883eb3635b99"
  },
  "user": {
    "$oid": "68071b8940c3db19f35c8757"
  },
  "customer": "hammad",
  "reference": "1",
  "total": 10.2,
  "currency": "USD",
  "items": [
    {
      "description": "watch",
      "quantity": 1,
      "_id": {
        "$oid": "680735b85637883eb3635b9a"
      }
    }
  ],
  "date": {
    "$date": "2025-04-22T06:22:48.022Z"
  },
  "__v": 0
},
{
  "_id": {
    "$oid": "6808d468a46b59c53253c8ae"
  },
  "user": {
    "$oid": "6800ce3bb24709c584b886b7"
  },
  "customer": "simba",
  "reference": "123",
  "total": 10.2,
  "currency": "USD",
  "items": [
    {
      "description": "notes",
      "quantity": 1,
      "_id": {
        "$oid": "6808d468a46b59c53253c8af"
      }
    }
  ],
  "date": {
    "$date": "2025-04-23T11:52:08.245Z"
  },
  "__v": 0
},
{
  "_id": {
    "$oid": "6811befee92abc9419d650e9"
  },
  "user": {
    "$oid": "67fe008853f10c0d94363b40"
  },
  "customer": "Aqib",
  "reference": "777",
  "total": 22,
  "currency": "USD",
  "items": [
    {
      "description": "Table",
      "quantity": 1,
      "_id": {
        "$oid": "6811befee92abc9419d650ea"
      }
    }
  ],
  "dueDate": "2025-04-30",
  "date": {
    "$date": "2025-04-30T06:11:10.495Z"
  },
  "__v": 0
},
{
  "_id": {
    "$oid": "6811c1b7e92abc9419d650f4"
  },
  "user": {
    "$oid": "67fe008853f10c0d94363b40"
  },
  "customer": "Rehman",
  "reference": "111",
  "total": 275,
  "currency": "USD",
  "items": [
    {
      "description": "Watches",
      "quantity": 10,
      "_id": {
        "$oid": "6811c1b7e92abc9419d650f5"
      }
    }
  ],
  "dueDate": "2025-04-30",
  "date": {
    "$date": "2025-04-30T06:22:47.344Z"
  },
  "__v": 0
},
{
  "_id": {
    "$oid": "68218417d6b850c4847fd0c9"
  },
  "user": {
    "$oid": "682183ccd6b850c4847fd0c6"
  },
  "customer": "Fahaj",
  "reference": "8182",
  "total": 330,
  "currency": "USD",
  "items": [
    {
      "description": "Bike",
      "quantity": 1,
      "_id": {
        "$oid": "68218417d6b850c4847fd0ca"
      }
    }
  ],
  "dueDate": "2025-05-12",
  "date": {
    "$date": "2025-05-12T05:16:07.411Z"
  },
  "__v": 0
},
{
  "_id": {
    "$oid": "6821c6d1abe7734dbab5a6de"
  },
  "user": {
    "$oid": "67fe008853f10c0d94363b40"
  },
  "customer": "Khizar Qureshi",
  "reference": "XD-231",
  "total": 220,
  "currency": "USD",
  "items": [
    {
      "description": "Table",
      "quantity": 10,
      "_id": {
        "$oid": "6821c6d1abe7734dbab5a6df"
      }
    }
  ],
  "dueDate": "2025-05-12",
  "date": {
    "$date": "2025-05-12T10:00:49.723Z"
  },
  "__v": 0
},
{
  "_id": {
    "$oid": "682321363c7478818a5febce"
  },
  "user": {
    "$oid": "6821991a91165908d334fe3d"
  },
  "customer": "wali",
  "reference": "123",
  "total": 363,
  "currency": "USD",
  "items": [
    {
      "description": "Car",
      "quantity": 1,
      "_id": {
        "$oid": "682321363c7478818a5febcf"
      }
    }
  ],
  "dueDate": "2025-05-13",
  "date": {
    "$date": "2025-05-13T10:38:46.548Z"
  },
  "__v": 0
}]