[{
  "_id": {
    "$oid": "67fdeb1113dde1cd4923ddbf"
  },
  "name": "kareem",
  "email": "kareem123@gmail.com",
  "password": "kareem234",
  "date": {
    "$date": "2025-04-15T05:13:53.670Z"
  },
  "__v": 0
},
{
  "_id": {
    "$oid": "67fdffa2355fd5789f9fb4e1"
  },
  "name": "dossil",
  "email": "dossil123@gmail.com",
  "password": "$2b$10$BMqNsPbRxccQKjWe05IJKeS9wvKJ319U.dRNTUBIlWappe0JEA8b6",
  "date": {
    "$date": "2025-04-15T06:41:38.046Z"
  },
  "__v": 0
},
{
  "_id": {
    "$oid": "6819dfb94d90d1f1adce8429"
  },
  "name": "shuja",
  "email": "shuja123@gmail.com",
  "password": "$2b$10$lUe7YhOFb32oZ3.s5oWarej6prto8oZY4epm0BL9hp.fiOTnMI9Ju",
  "date": {
    "$date": "2025-05-06T10:08:57.082Z"
  },
  "__v": 0
},
{
  "_id": {
    "$oid": "67fe008853f10c0d94363b40"
  },
  "name": "sami",
  "email": "sami123@gmail.com",
  "password": "$2b$10$atJ5iSuVCBy8oXSr5x93COuJpzVxKmfP1uzUe/vmRzgBkWv5wQzeu",
  "date": {
    "$date": "2025-04-15T06:45:28.641Z"
  },
  "__v": 0
},
{
  "_id": {
    "$oid": "67fdfcf468c6ac63a4b9d453"
  },
  "name": "boris",
  "email": "boris123@gmail.com",
  "password": "$2b$10$ij67Xetku70c5DgFzFU31OtmOD9Y7ffqRUSn0a7h2uh9RW5mHz6va",
  "date": {
    "$date": "2025-04-15T06:30:12.675Z"
  },
  "__v": 0
},
{
  "_id": {
    "$oid": "67fdffc8355fd5789f9fb4e5"
  },
  "name": "sariii",
  "email": "sarri123@gmail.com",
  "password": "$2b$10$Mrep8P.d1y5QzzFzXgZiRO9Y1H/ytXtlU7l2DWMqZFM/R9MCQ/KlS",
  "date": {
    "$date": "2025-04-15T06:42:16.977Z"
  },
  "__v": 0
},
{
  "_id": {
    "$oid": "6800ce3bb24709c584b886b7"
  },
  "name": "Hamaad Ali",
  "email": "hh0449901@gmail.com",
  "password": "$2b$10$mCk7RFuUqv/QiNDsM4M1oeGIxd4m9AHD/B5d0PzMKKvw.wzQ8djRy",
  "date": {
    "$date": "2025-04-17T09:47:39.499Z"
  },
  "__v": 0
},
{
  "_id": {
    "$oid": "6800f791760298c1f1afdc4b"
  },
  "name": "Shami",
  "email": "shami123@gmail.com",
  "password": "$2b$10$9QTHtZ5UKU.otLMZrvDmruqxcZB452XPGkfEjjZYYQs/n9r9ICSf2",
  "date": {
    "$date": "2025-04-17T12:44:01.132Z"
  },
  "__v": 0
},
{
  "_id": {
    "$oid": "6801f0ddd95bee81f1711f31"
  },
  "name": "Ahsan",
  "email": "am51155352@gmail.com",
  "password": "$2b$10$j1tuPS8Dw.eswF8Jq1c1nOapRfuaE7F0Ma1sBztJYrLr02ObrKRkC",
  "date": {
    "$date": "2025-04-18T06:27:41.137Z"
  },
  "__v": 0
},
{
  "_id": {
    "$oid": "68071c1340c3db19f35c875d"
  },
  "name": "zahid",
  "email": "zahid123@gmail.com",
  "password": "$2b$10$zCk34odGNJKFHU4gEeD6CuTZj.Es5D4Pz.uTtbTbQju/oSDCeY3UW",
  "date": {
    "$date": "2025-04-22T04:33:23.348Z"
  },
  "__v": 0
},
{
  "_id": {
    "$oid": "68071b8940c3db19f35c8757"
  },
  "name": "saqim",
  "email": "saqim123@gmail.com",
  "password": "$2b$10$HH65V/jxb9W8M4fEd4QXmeCCnM2amar6iQp6fA9UB5gYXU3yCS2M2",
  "date": {
    "$date": "2025-04-22T04:31:05.279Z"
  },
  "__v": 0
},
{
  "_id": {
    "$oid": "67fe00195303a1afaa0dde76"
  },
  "name": "sariii2",
  "email": "sarri2123@gmail.com",
  "password": "$2b$10$pgV81M0X.3LyW8XB9PLbVOzeN6oyXDXX3dAcAqAdUrOCEsTzJsGHW",
  "date": {
    "$date": "2025-04-15T06:43:37.191Z"
  },
  "__v": 0
},
{
  "_id": {
    "$oid": "6800ac17e7f2fd699fc2d827"
  },
  "name": "Hamaad Ali",
  "email": "hammix12@gmail.com",
  "password": "$2b$10$5JTRNKqkqoLGF6zxn5X8u.8KPxrTalJNBVAU5JU7G6jRQe2CJk1jG",
  "date": {
    "$date": "2025-04-17T07:21:59.453Z"
  },
  "__v": 0
},
{
  "_id": {
    "$oid": "67fdea8d8ce95dceeec5fbb1"
  },
  "name": "jutt",
  "email": "jutt123@gmail.com",
  "password": "jutt234",
  "date": {
    "$date": "2025-04-15T05:11:41.010Z"
  },
  "__v": 0
},
{
  "_id": {
    "$oid": "67fdeb6e13dde1cd4923ddc2"
  },
  "name": "sarfraz",
  "email": "sarfraz123@gmail.com",
  "password": "sarfraz234",
  "date": {
    "$date": "2025-04-15T05:15:26.869Z"
  },
  "__v": 0
},
{
  "_id": {
    "$oid": "68063513ac29c41bdae76979"
  },
  "name": "sarmad",
  "email": "sarmad123@gmail.com",
  "password": "$2b$10$mNpRlzRfzidAMj286PIS9.kfTRBtSz9ZdH7eNDBKui8UEjZDQMMk.",
  "date": {
    "$date": "2025-04-21T12:07:47.956Z"
  },
  "__v": 0
},
{
  "_id": {
    "$oid": "6800ac9de7f2fd699fc2d82a"
  },
  "name": "sameer",
  "email": "sameer12@gmail.com",
  "password": "$2b$10$2h0B3DoK9pVlB65duTKgmuIzjdd3vYM2sa51NbBiglIpuQd8n5Uzm",
  "date": {
    "$date": "2025-04-17T07:24:13.101Z"
  },
  "__v": 0
},
{
  "_id": {
    "$oid": "681aec916c4a94d3fc2daa80"
  },
  "name": "Ajiz",
  "email": "ajiz123@gmail.com",
  "password": "$2b$10$Degn4KaZqTqEuigy3G48Fuhk3Vu5EQv6IalptrMGjnBzG7c2dU2Na",
  "date": {
    "$date": "2025-05-07T05:16:01.293Z"
  },
  "__v": 0
},
{
  "_id": {
    "$oid": "681ca0d49af91a60f1f8786c"
  },
  "name": "Hamza Ali",
  "email": "hamzaali123@gmail.com",
  "password": "$2b$10$spDLITSxcgQgeMovns3SCuC2YVS6O3qYsXjVwwFTrSfckW2vilASu",
  "date": {
    "$date": "2025-05-08T12:17:24.770Z"
  },
  "__v": 0
},
{
  "_id": {
    "$oid": "681ca20d9af91a60f1f87879"
  },
  "name": "Hammad Hussian",
  "email": "ayhussain098@gmail.com",
  "password": "$2b$10$S.2BYLgT7eXcTKsK7riMmOlxB98fM1tFA6SIfcC6Nno4iCCuuWrMK",
  "date": {
    "$date": "2025-05-08T12:22:37.658Z"
  },
  "__v": 0
},
{
  "_id": {
    "$oid": "682183ccd6b850c4847fd0c6"
  },
  "name": "Gujjar",
  "email": "gujjar123@gmail.com",
  "password": "$2b$10$5Tn.ifqpJMOWoDOgkKeoN.Cb1I4hS0rjm4LnCWOZF1uVfGxyjVV4W",
  "date": {
    "$date": "2025-05-12T05:14:52.938Z"
  },
  "__v": 0
},
{
  "_id": {
    "$oid": "68218759d6b850c4847fd0ee"
  },
  "name": "Saqi",
  "email": "Saqi123@gmail.com",
  "password": "$2b$10$oR0Ci85l6jzJN99doZcJ0uy7i00iTX0K2hyHR2Xbv7aWKiUzZ9kvW",
  "date": {
    "$date": "2025-05-12T05:30:01.880Z"
  },
  "__v": 0
},
{
  "_id": {
    "$oid": "6821887ad6b850c4847fd0fb"
  },
  "name": "Ahmed ",
  "email": "abc@gmail.com",
  "password": "$2b$10$wMUi0QnR.d0P36ZlNxOtWOz4T1mCew9Iq7X0lG54C48eWSzcwiKXe",
  "date": {
    "$date": "2025-05-12T05:34:50.577Z"
  },
  "__v": 0
},
{
  "_id": {
    "$oid": "68219382713627c40bab8908"
  },
  "name": "Waqar Mansha",
  "email": "waqarmansha123@gmail.com",
  "password": "$2b$10$3y8YsanHEtbnNuW0V8P1n.7IaYzh7As9bznFMfRyvy/a6JIwNcbqi",
  "date": {
    "$date": "2025-05-12T06:21:54.803Z"
  },
  "__v": 0
},
{
  "_id": {
    "$oid": "682196929356663b705955bd"
  },
  "name": "Willian Johnson",
  "email": "william123@gmail.com",
  "password": "$2b$10$cgxkb7fJiS8PuJM9Jlr6.OOd0qs11WakqYTNu/.QxSBsELAkq/1S2",
  "date": {
    "$date": "2025-05-12T06:34:58.665Z"
  },
  "__v": 0
},
{
  "_id": {
    "$oid": "6821991a91165908d334fe3d"
  },
  "name": "Hamaad Janjua",
  "email": "hamaadjanjua64@gmail.com",
  "password": "",
  "date": {
    "$date": "2025-05-12T06:45:46.849Z"
  },
  "__v": 0
},
{
  "_id": {
    "$oid": "6821999591165908d334fe4e"
  },
  "name": "Waqar Ahmed",
  "email": "waqarahmed.5646@gmail.com",
  "password": "",
  "date": {
    "$date": "2025-05-12T06:47:49.414Z"
  },
  "__v": 0
},
{
  "_id": {
    "$oid": "6821a1f9b9665f4611075393"
  },
  "name": "wala wa",
  "email": "waw678785@gmail.com",
  "password": "",
  "date": {
    "$date": "2025-05-12T07:23:37.244Z"
  },
  "__v": 0
},
{
  "_id": {
    "$oid": "6821a237b9665f4611075398"
  },
  "name": "Hammad Ali",
  "email": "hammix3112@gmail.com",
  "password": "",
  "date": {
    "$date": "2025-05-12T07:24:39.134Z"
  },
  "__v": 0
},
{
  "_id": {
    "$oid": "683547a55d0e1ccfec2d8187"
  },
  "name": "wwwww",
  "email": "efg@gmail.com",
  "password": "$2b$10$MUajTtyxIodpJsSTvEvCVu06TnUuIPvo52ipc2YD7zi1EEoiVlnw6",
  "date": {
    "$date": "2025-05-27T05:03:33.813Z"
  },
  "__v": 0
}]